{"loss": [2.2469911575317383, 2.0619988441467285, 1.7402511835098267, 1.3696258068084717, 1.0994170904159546, 0.9365401864051819, 0.8347446322441101, 0.7641071081161499, 0.7087020874023438, 0.6692185997962952, 0.634286642074585, 0.6057770252227783, 0.5820741653442383, 0.5633755326271057, 0.5464897751808167], "accuracy": [0.1964833289384842, 0.4379666745662689, 0.5792333483695984, 0.6505333185195923, 0.6921333074569702, 0.7229999899864197, 0.7456333041191101, 0.7682666778564453, 0.7801499962806702, 0.7949166893959045, 0.8057166934013367, 0.8131999969482422, 0.8217333555221558, 0.8287500143051147, 0.8327999711036682], "val_loss": [2.1593644618988037, 1.8790404796600342, 1.4477108716964722, 1.0487034320831299, 0.8011862635612488, 0.6598517298698425, 0.57497239112854, 0.5169846415519714, 0.4765748977661133, 0.4444383382797241, 0.4208497703075409, 0.4010618031024933, 0.38404127955436707, 0.36995255947113037, 0.35827329754829407], "val_accuracy": [0.5389999747276306, 0.7418000102043152, 0.7839999794960022, 0.8109999895095825, 0.8314999938011169, 0.8482999801635742, 0.8603000044822693, 0.871999979019165, 0.8763999938964844, 0.8816999793052673, 0.887499988079071, 0.8907999992370605, 0.8942999839782715, 0.8980000019073486, 0.9017000198364258]}