{"accuracy": [0.21426667273044586, 0.42594999074935913, 0.5568833351135254, 0.6348833441734314, 0.6812666654586792, 0.7161833047866821, 0.742983341217041, 0.7629833221435547, 0.7798166871070862, 0.7943500280380249, 0.8032000064849854, 0.8126500248908997, 0.819599986076355, 0.82669997215271, 0.8304499983787537], "loss": [2.2395572662353516, 2.039170503616333, 1.7168564796447754, 1.3619486093521118, 1.1062777042388916, 0.9422647356987, 0.8374205231666565, 0.7634820938110352, 0.7075970768928528, 0.6642776131629944, 0.6348849534988403, 0.6061202883720398, 0.5840292572975159, 0.5644218921661377, 0.5487699508666992], "val_accuracy": [0.4975999891757965, 0.6492999792098999, 0.7591000199317932, 0.809499979019165, 0.8309000134468079, 0.8499000072479248, 0.8618000149726868, 0.8712999820709229, 0.8780999779701233, 0.8831999897956848, 0.8878999948501587, 0.8906000256538391, 0.8949999809265137, 0.8980000019073486, 0.9000999927520752], "val_loss": [2.142899513244629, 1.8498988151550293, 1.4266070127487183, 1.047194480895996, 0.810255765914917, 0.6695852875709534, 0.582534670829773, 0.5230740308761597, 0.48066088557243347, 0.4496978521347046, 0.42540624737739563, 0.40581122040748596, 0.38937506079673767, 0.375270813703537, 0.3639835715293884]}